{
"dataset id":1,
"dataset name":"Sentiment Dataset",
"maximum number of labels per instance":1,
"class labels":[ {"label id":1,"label text":"Positive"}, {"label id":2,"label text":"Negative"}, {"label id":3,"label text":"Notr"} ],
"instances":[
{"id":1, "instance":"aldım eve gidince kutusundan çıkardım hasarlıydı"},
{"id":2, "instance":"yöneticisi bizzat ilgilenerek gerekli özverili örneği göstererek güzel teşekkürler"},
{"id":3, "instance":"mesela kamerası aldık yoktu"},
{"id":4, "instance":"siteniz çalışmıyor kaç gündür"},
{"id":5, "instance":"şimdilik memnun kaldım umarım kararım değişmez"},
{"id":6, "instance":"durduğu yerde sessiz moduna geçmesi başta fazla giden bataryasının ayda kapasitesinin ciddi anlamda düşmesi dışında fiyatı düşünüldüğünde iyi"},
{"id":7, "instance":"filmin büyük artısı uzun zamandır görmediğimiz oyunculuğunu döktürmesini sağlamasıydı"},
{"id":8, "instance":"şarjı hemen bitiriyor"},
{"id":9, "instance":"in yeni kampanyasi cok basarili"},
{"id":10, "instance":"kullanışlı fiyata alınabilecek güzel düsünmeden alabilirsiniz"}
{"id":11, "instance":"aldım eve gidince kutusundan çıkardım hasarlıydı"},
{"id":12, "instance":"yöneticisi bizzat ilgilenerek gerekli özverili örneği göstererek güzel teşekkürler"},
{"id":13, "instance":"mesela kamerası aldık yoktu"},
{"id":14, "instance":"siteniz çalışmıyor kaç gündür"},
{"id":15, "instance":"şimdilik memnun kaldım umarım kararım değişmez"},
{"id":16, "instance":"durduğu yerde sessiz moduna geçmesi başta fazla giden bataryasının ayda kapasitesinin ciddi anlamda düşmesi dışında fiyatı düşünüldüğünde iyi"},
{"id":17, "instance":"filmin büyük artısı uzun zamandır görmediğimiz oyunculuğunu döktürmesini sağlamasıydı"},
{"id":18, "instance":"şarjı hemen bitiriyor"},
{"id":19, "instance":"in yeni kampanyasi cok basarili"},
{"id":20, "instance":"kullanışlı fiyata alınabilecek güzel düsünmeden alabilirsiniz"}
{"id":21, "instance":"aldım eve gidince kutusundan çıkardım hasarlıydı"},
{"id":22, "instance":"yöneticisi bizzat ilgilenerek gerekli özverili örneği göstererek güzel teşekkürler"},
{"id":23, "instance":"mesela kamerası aldık yoktu"},
{"id":24, "instance":"siteniz çalışmıyor kaç gündür"},
{"id":25, "instance":"şimdilik memnun kaldım umarım kararım değişmez"},
{"id":26, "instance":"durduğu yerde sessiz moduna geçmesi başta fazla giden bataryasının ayda kapasitesinin ciddi anlamda düşmesi dışında fiyatı düşünüldüğünde iyi"},
{"id":27, "instance":"filmin büyük artısı uzun zamandır görmediğimiz oyunculuğunu döktürmesini sağlamasıydı"},
{"id":28, "instance":"şarjı hemen bitiriyor"},
{"id":29, "instance":"in yeni kampanyasi cok basarili"},
{"id":30, "instance":"kullanışlı fiyata alınabilecek güzel düsünmeden alabilirsiniz"}
{"id":31, "instance":"aldım eve gidince kutusundan çıkardım hasarlıydı"},
{"id":32, "instance":"yöneticisi bizzat ilgilenerek gerekli özverili örneği göstererek güzel teşekkürler"},
{"id":33, "instance":"mesela kamerası aldık yoktu"},
{"id":34, "instance":"siteniz çalışmıyor kaç gündür"},
{"id":35, "instance":"şimdilik memnun kaldım umarım kararım değişmez"},
{"id":36, "instance":"durduğu yerde sessiz moduna geçmesi başta fazla giden bataryasının ayda kapasitesinin ciddi anlamda düşmesi dışında fiyatı düşünüldüğünde iyi"},
{"id":37, "instance":"filmin büyük artısı uzun zamandır görmediğimiz oyunculuğunu döktürmesini sağlamasıydı"},
{"id":38, "instance":"şarjı hemen bitiriyor"},
{"id":39, "instance":"in yeni kampanyasi cok basarili"},
{"id":40, "instance":"kullanışlı fiyata alınabilecek güzel düsünmeden alabilirsiniz"}
{"id":41, "instance":"aldım eve gidince kutusundan çıkardım hasarlıydı"},
{"id":42, "instance":"yöneticisi bizzat ilgilenerek gerekli özverili örneği göstererek güzel teşekkürler"},
{"id":43, "instance":"mesela kamerası aldık yoktu"},
{"id":44, "instance":"siteniz çalışmıyor kaç gündür"},
{"id":45, "instance":"şimdilik memnun kaldım umarım kararım değişmez"},
{"id":46, "instance":"durduğu yerde sessiz moduna geçmesi başta fazla giden bataryasının ayda kapasitesinin ciddi anlamda düşmesi dışında fiyatı düşünüldüğünde iyi"},
{"id":47, "instance":"filmin büyük artısı uzun zamandır görmediğimiz oyunculuğunu döktürmesini sağlamasıydı"},
{"id":48, "instance":"şarjı hemen bitiriyor"},
{"id":49, "instance":"in yeni kampanyasi cok basarili"},
{"id":50, "instance":"kullanışlı fiyata alınabilecek güzel düsünmeden alabilirsiniz"}
{"id":51, "instance":"aldım eve gidince kutusundan çıkardım hasarlıydı"},
{"id":52, "instance":"yöneticisi bizzat ilgilenerek gerekli özverili örneği göstererek güzel teşekkürler"},
{"id":53, "instance":"mesela kamerası aldık yoktu"},
{"id":54, "instance":"siteniz çalışmıyor kaç gündür"},
{"id":55, "instance":"şimdilik memnun kaldım umarım kararım değişmez"},
{"id":56, "instance":"durduğu yerde sessiz moduna geçmesi başta fazla giden bataryasının ayda kapasitesinin ciddi anlamda düşmesi dışında fiyatı düşünüldüğünde iyi"},
{"id":57, "instance":"filmin büyük artısı uzun zamandır görmediğimiz oyunculuğunu döktürmesini sağlamasıydı"},
{"id":58, "instance":"şarjı hemen bitiriyor"},
{"id":59, "instance":"in yeni kampanyasi cok basarili"},
{"id":60, "instance":"kullanışlı fiyata alınabilecek güzel düsünmeden alabilirsiniz"}
]
} 